{
  "bg": "#0f0f10",
  "label": "#a9a9aa",
  "subtle": "#7c7c7d",
  "accent": "#ff7a00",
  "pastDay": "#e9e9ea",
  "futureDay": "#2f2f31",
  "futureSaturday": "#6b6b70",
  "sundayRed": "#ff3b30",
  "sundayRedInnerWhenBirthday": "#b3261e",
  "birthdayRing": "#ff3b30",
  "todayHalo": "#f2f2f2",
  "sundayRingColor": "#f2f2f2",
  "barTrack": "#1b1b1d",
  "topMarginPct": 0.3,
  "bottomMarginPct": 0.22,
  "contentWidthPct": 0.72,
  "colGapPct": 0.06,
  "rowGapPct": 0.055,
  "showSundayRing": true,
  "birthdays": [
    "05-01",
    "03-28",
    "10-08",
    "11-08",
    "11-24"
  ]
}